,data/B.java,data/A_mod.java,data/A.java
data/B.java,1.0,0.36065573770491804,0.36065573770491804
data/A_mod.java,0.36065573770491804,1.0,1.0
data/A.java,0.36065573770491804,1.0,1.0
