,data/B.java,data/A_mod.java,data/A.java
data/B.java,0.9999999999999999,0.9014410719200633,0.9014410719200633
data/A_mod.java,0.9014410719200633,0.9999999999999997,0.9999999999999997
data/A.java,0.9014410719200633,0.9999999999999997,0.9999999999999997
