,data/B.java,data/A_mod.java,data/A.java
data/B.java,1.0,0.7446808510638298,0.7446808510638298
data/A_mod.java,0.7446808510638298,1.0,1.0
data/A.java,0.7446808510638298,1.0,1.0
